<ArmGcc>
  <armgcc.common.outputfiles.hex>True</armgcc.common.outputfiles.hex>
  <armgcc.common.outputfiles.lss>True</armgcc.common.outputfiles.lss>
  <armgcc.common.outputfiles.eep>True</armgcc.common.outputfiles.eep>
  <armgcc.common.outputfiles.bin>True</armgcc.common.outputfiles.bin>
  <armgcc.common.outputfiles.srec>True</armgcc.common.outputfiles.srec>
  <armgcc.compiler.symbols.DefSymbols>
    <ListValues>
      <Value>DEBUG</Value>
      <Value>printf=iprintf</Value>
      <Value>scanf=iscanf</Value>
    </ListValues>
  </armgcc.compiler.symbols.DefSymbols>
  <armgcc.compiler.directories.IncludePaths>
    <ListValues>
      <Value>%24(PackRepoDir)\ARM\CMSIS\5.3.0\CMSIS\Include\</Value>
      <Value>../custom_code</Value>
      <Value>../custom_code/control</Value>
      <Value>../custom_code/low_level</Value>
      <Value>../custom_code/testing</Value>
      <Value>../Config</Value>
      <Value>../</Value>
      <Value>../examples</Value>
      <Value>../hal/include</Value>
      <Value>../hal/utils/include</Value>
      <Value>../hpl/afec</Value>
      <Value>../hpl/core</Value>
      <Value>../hpl/mcan</Value>
      <Value>../hpl/pio</Value>
      <Value>../hpl/pmc</Value>
      <Value>../hpl/pwm</Value>
      <Value>../hpl/systick</Value>
      <Value>../hpl/tc</Value>
      <Value>../hpl/usart</Value>
      <Value>../hpl/xdmac</Value>
      <Value>../hri</Value>
      <Value>../stdio_redirect</Value>
      <Value>%24(PackRepoDir)\Atmel\SAME70_DFP\2.4.166\same70b\include</Value>
    </ListValues>
  </armgcc.compiler.directories.IncludePaths>
  <armgcc.compiler.optimization.level>Optimize debugging experience (-Og)</armgcc.compiler.optimization.level>
  <armgcc.compiler.optimization.PrepareFunctionsForGarbageCollection>True</armgcc.compiler.optimization.PrepareFunctionsForGarbageCollection>
  <armgcc.compiler.optimization.DebugLevel>Maximum (-g3)</armgcc.compiler.optimization.DebugLevel>
  <armgcc.compiler.warnings.AllWarnings>True</armgcc.compiler.warnings.AllWarnings>
  <armgcc.compiler.miscellaneous.OtherFlags>-std=gnu99 -mfloat-abi=softfp -mfpu=fpv4-sp-d16</armgcc.compiler.miscellaneous.OtherFlags>
  <armgcc.linker.general.UseNewlibNano>True</armgcc.linker.general.UseNewlibNano>
  <armgcc.linker.libraries.Libraries>
    <ListValues>
      <Value>libm</Value>
      <Value>libarm_cortexM7l_math.a</Value>
    </ListValues>
  </armgcc.linker.libraries.Libraries>
  <armgcc.linker.libraries.LibrarySearchPaths>
    <ListValues>
      <Value>..\..\Lib</Value>
      <Value>%24(ProjectDir)\Device_Startup</Value>
    </ListValues>
  </armgcc.linker.libraries.LibrarySearchPaths>
  <armgcc.linker.optimization.GarbageCollectUnusedSections>True</armgcc.linker.optimization.GarbageCollectUnusedSections>
  <armgcc.linker.memorysettings.ExternalRAM />
  <armgcc.linker.miscellaneous.LinkerFlags>-Tsame70q21b_flash.ld</armgcc.linker.miscellaneous.LinkerFlags>
  <armgcc.linker.miscellaneous.OtherObjects>
    <ListValues>
      <Value>-u _printf_float</Value>
    </ListValues>
  </armgcc.linker.miscellaneous.OtherObjects>
  <armgcc.assembler.general.IncludePaths>
    <ListValues>
      <Value>%24(PackRepoDir)\ARM\CMSIS\5.3.0\CMSIS\Include\</Value>
      <Value>../Config</Value>
      <Value>../</Value>
      <Value>../examples</Value>
      <Value>../hal/include</Value>
      <Value>../hal/utils/include</Value>
      <Value>../hpl/afec</Value>
      <Value>../hpl/core</Value>
      <Value>../hpl/mcan</Value>
      <Value>../hpl/pio</Value>
      <Value>../hpl/pmc</Value>
      <Value>../hpl/pwm</Value>
      <Value>../hpl/systick</Value>
      <Value>../hpl/tc</Value>
      <Value>../hpl/usart</Value>
      <Value>../hpl/xdmac</Value>
      <Value>../hri</Value>
      <Value>../stdio_redirect</Value>
      <Value>%24(PackRepoDir)\Atmel\SAME70_DFP\2.4.166\same70b\include</Value>
    </ListValues>
  </armgcc.assembler.general.IncludePaths>
  <armgcc.assembler.debugging.DebugLevel>Default (-g)</armgcc.assembler.debugging.DebugLevel>
  <armgcc.preprocessingassembler.general.IncludePaths>
    <ListValues>
      <Value>%24(PackRepoDir)\ARM\CMSIS\5.3.0\CMSIS\Include\</Value>
      <Value>../Config</Value>
      <Value>../</Value>
      <Value>../examples</Value>
      <Value>../hal/include</Value>
      <Value>../hal/utils/include</Value>
      <Value>../hpl/afec</Value>
      <Value>../hpl/core</Value>
      <Value>../hpl/mcan</Value>
      <Value>../hpl/pio</Value>
      <Value>../hpl/pmc</Value>
      <Value>../hpl/pwm</Value>
      <Value>../hpl/systick</Value>
      <Value>../hpl/tc</Value>
      <Value>../hpl/usart</Value>
      <Value>../hpl/xdmac</Value>
      <Value>../hri</Value>
      <Value>../stdio_redirect</Value>
      <Value>%24(PackRepoDir)\Atmel\SAME70_DFP\2.4.166\same70b\include</Value>
    </ListValues>
  </armgcc.preprocessingassembler.general.IncludePaths>
  <armgcc.preprocessingassembler.debugging.DebugLevel>Default (-Wa,-g)</armgcc.preprocessingassembler.debugging.DebugLevel>
</ArmGcc>